{"cameraMode":{"drawMode":0,"name":"Shaded","section":"Shading Mode"},"sceneLighting":false,"audioPlay":false,"sceneViewState":{"showFog":true,"showMaterialUpdate":false,"showSkybox":true,"showFlares":true,"showImageEffects":true,"showParticleSystems":true},"in2DMode":false,"pivot":{"x":1.009578824043274,"y":3.022496223449707,"z":-2.923708915710449},"rotation":{"x":0.34529581665992739,"y":0.09129460901021958,"z":-0.03377171978354454,"w":0.9334321618080139},"size":8.50067138671875,"orthographic":false}